,Player,Dealer,Ace,Hit Flag,Stand,Hit,Double Down,Surrender,Best Action Index,Best Action
0,4,1,0,0,-72.26129677690173,-36.93220055729287,-51.92428377308192,-38.16121108929141,1,H
1,4.0,1.0,0.0,1.0,,,,,,
2,4.0,1.0,1.0,0.0,,,,,,
3,4.0,1.0,1.0,1.0,,,,,,
4,4,2,0,0,-35.39295145586536,-23.785594145893626,-56.01285482118617,-37.629384323989754,1,H
5,4.0,2.0,0.0,1.0,,,,,,
6,4.0,2.0,1.0,0.0,,,,,,
7,4.0,2.0,1.0,1.0,,,,,,
8,4,3,0,0,-32.36712505590783,-25.294569964088044,-35.3845974763904,-41.01994404133783,1,H
9,4.0,3.0,0.0,1.0,,,,,,
10,4.0,3.0,1.0,0.0,,,,,,
11,4.0,3.0,1.0,1.0,,,,,,
12,4,4,0,0,-25.94934161493233,-14.574412166346832,-32.045913218058416,-32.36627957312846,1,H
13,4.0,4.0,0.0,1.0,,,,,,
14,4.0,4.0,1.0,0.0,,,,,,
15,4.0,4.0,1.0,1.0,,,,,,
16,4,5,0,0,-37.095401177013,-15.604415924544886,-40.569185030620005,-32.059918351851934,1,H
17,4.0,5.0,0.0,1.0,,,,,,
18,4.0,5.0,1.0,0.0,,,,,,
19,4.0,5.0,1.0,1.0,,,,,,
20,4,6,0,0,-14.438577898353703,-22.61146973269911,-28.94673867989638,-31.380481232526055,0,S
21,4.0,6.0,0.0,1.0,,,,,,
22,4.0,6.0,1.0,0.0,,,,,,
23,4.0,6.0,1.0,1.0,,,,,,
24,4,7,0,0,-31.757333778543916,-16.907449474518458,-47.184856566379665,-41.03861358358883,1,H
25,4.0,7.0,0.0,1.0,,,,,,
26,4.0,7.0,1.0,0.0,,,,,,
27,4.0,7.0,1.0,1.0,,,,,,
28,4,8,0,0,-28.90114103820791,-22.298269044821332,-61.35452262354434,-24.606552022117967,1,H
29,4.0,8.0,0.0,1.0,,,,,,
30,4.0,8.0,1.0,0.0,,,,,,
31,4.0,8.0,1.0,1.0,,,,,,
32,4,9,0,0,-39.60864419306658,-30.03113781175184,-63.549856386714055,-34.583728184794396,1,H
33,4.0,9.0,0.0,1.0,,,,,,
34,4.0,9.0,1.0,0.0,,,,,,
35,4.0,9.0,1.0,1.0,,,,,,
36,4,10,0,0,-60.05548869028133,-52.81947466110397,-113.42738318574119,-54.8285616410343,1,H
37,4.0,10.0,0.0,1.0,,,,,,
38,4.0,10.0,1.0,0.0,,,,,,
39,4.0,10.0,1.0,1.0,,,,,,
40,5,1,0,0,-70.86980922683412,-63.36627252188737,-73.12916822556805,-66.04292098203086,1,H
41,5.0,1.0,0.0,1.0,,,,,,
42,5.0,1.0,1.0,0.0,,,,,,
43,5.0,1.0,1.0,1.0,,,,,,
44,5,2,0,0,-29.571212010677215,-29.703102561367032,-39.445378974890616,-37.801456354641395,0,S
45,5.0,2.0,0.0,1.0,,,,,,
46,5.0,2.0,1.0,0.0,,,,,,
47,5.0,2.0,1.0,1.0,,,,,,
48,5,3,0,0,-28.59353368370122,-22.897067482351193,-43.89409922283133,-38.1805808475239,1,H
49,5.0,3.0,0.0,1.0,,,,,,
50,5.0,3.0,1.0,0.0,,,,,,
51,5.0,3.0,1.0,1.0,,,,,,
52,5,4,0,0,-34.142160454973144,-30.298032873077542,-44.15834230231965,-35.88778663101171,1,H
53,5.0,4.0,0.0,1.0,,,,,,
54,5.0,4.0,1.0,0.0,,,,,,
55,5.0,4.0,1.0,1.0,,,,,,
56,5,5,0,0,-29.960269499126426,-26.47761895621787,-53.173798961965744,-36.55237556439976,1,H
57,5.0,5.0,0.0,1.0,,,,,,
58,5.0,5.0,1.0,0.0,,,,,,
59,5.0,5.0,1.0,1.0,,,,,,
60,5,6,0,0,-38.936398193260544,-30.5886805923935,-38.79971889887739,-42.14488107927426,1,H
61,5.0,6.0,0.0,1.0,,,,,,
62,5.0,6.0,1.0,0.0,,,,,,
63,5.0,6.0,1.0,1.0,,,,,,
64,5,7,0,0,-37.61208025580538,-25.991323538553456,-72.45766798217572,-40.405303100704366,1,H
65,5.0,7.0,0.0,1.0,,,,,,
66,5.0,7.0,1.0,0.0,,,,,,
67,5.0,7.0,1.0,1.0,,,,,,
68,5,8,0,0,-58.6786414241208,-41.37734215136305,-46.15852082407146,-48.47260618912254,1,H
69,5.0,8.0,0.0,1.0,,,,,,
70,5.0,8.0,1.0,0.0,,,,,,
71,5.0,8.0,1.0,1.0,,,,,,
72,5,9,0,0,-58.053958768862685,-42.06166562353426,-62.79355310320366,-55.932575930387436,1,H
73,5.0,9.0,0.0,1.0,,,,,,
74,5.0,9.0,1.0,0.0,,,,,,
75,5.0,9.0,1.0,1.0,,,,,,
76,5,10,0,0,-78.28187965914088,-62.51161099514037,-130.26954545643423,-78.84336603592384,1,H
77,5.0,10.0,0.0,1.0,,,,,,
78,5.0,10.0,1.0,0.0,,,,,,
79,5.0,10.0,1.0,1.0,,,,,,
80,6,1,0,0,-74.92110807616922,-54.78101983521334,-78.60552785174752,-71.95938897813312,1,H
81,6,1,0,1,-8.747903995289692,0.0,0.0,0.0,1,H
82,6.0,1.0,1.0,0.0,,,,,,
83,6.0,1.0,1.0,1.0,,,,,,
84,6,2,0,0,-66.43590215208104,-42.55663770575241,-50.938371897000465,-50.9609875030964,1,H
85,6,2,0,1,-7.844205557851749,0.8910288934523248,-100.0,0.0,1,H
86,6.0,2.0,1.0,0.0,,,,,,
87,6.0,2.0,1.0,1.0,,,,,,
88,6,3,0,0,-51.173486349550494,-42.07056940436363,-54.94104369859855,-56.7155142891515,1,H
89,6,3,0,1,-12.797606836318009,-5.102496796935723,-100.0,-100.0,1,H
90,6.0,3.0,1.0,0.0,,,,,,
91,6.0,3.0,1.0,1.0,,,,,,
92,6,4,0,0,-48.264070869996694,-35.223701700966146,-43.03921489166558,-39.53368471118425,1,H
93,6,4,0,1,-13.887854767215622,0.0,0.0,0.0,1,H
94,6.0,4.0,1.0,0.0,,,,,,
95,6.0,4.0,1.0,1.0,,,,,,
96,6,5,0,0,-42.15318879866527,-32.13305989041672,-58.02629738441071,-41.30192010438006,1,H
97,6.0,5.0,0.0,1.0,,,,,,
98,6.0,5.0,1.0,0.0,,,,,,
99,6.0,5.0,1.0,1.0,,,,,,
100,6,6,0,0,-37.274041693241024,-23.69116412942573,-82.69317218443473,-44.68894299221713,1,H
101,6,6,0,1,-4.2065752486072805,0.0,0.0,0.0,1,H
102,6.0,6.0,1.0,0.0,,,,,,
103,6.0,6.0,1.0,1.0,,,,,,
104,6,7,0,0,-43.408119659873975,-28.137774329060022,-89.322939279689,-44.126595019587555,1,H
105,6,7,0,1,-14.03688841608076,-6.0834847661040214,0.0,0.0,2,D
106,6.0,7.0,1.0,0.0,,,,,,
107,6.0,7.0,1.0,1.0,,,,,,
108,6,8,0,0,-69.591836828381,-31.30060198543326,-55.74479123950828,-50.03333193241954,1,H
109,6,8,0,1,-8.389822827285007,0.0,0.0,0.0,1,H
110,6.0,8.0,1.0,0.0,,,,,,
111,6.0,8.0,1.0,1.0,,,,,,
112,6,9,0,0,-54.744436154329236,-53.34025523939697,-55.351604597039014,-60.46379595177428,1,H
113,6,9,0,1,-9.303438868251765,0.0,-100.0,0.0,1,H
114,6.0,9.0,1.0,0.0,,,,,,
115,6.0,9.0,1.0,1.0,,,,,,
116,6,10,0,0,-78.90955046921236,-61.204474886086466,-145.18349707347804,-68.9891912292512,1,H
117,6,10,0,1,-33.49930284947853,-22.046877854097367,-100.0,-100.0,1,H
118,6.0,10.0,1.0,0.0,,,,,,
119,6.0,10.0,1.0,1.0,,,,,,
120,7,1,0,0,-84.21492172167524,-65.81976804965068,-87.74185725792819,-72.74517446192867,1,H
121,7,1,0,1,-12.152676395585292,-8.772760331437084,-190.0,-100.0,1,H
122,7.0,1.0,1.0,0.0,,,,,,
123,7.0,1.0,1.0,1.0,,,,,,
124,7,2,0,0,-60.172872456613085,-30.093426031399694,-40.04621380683663,-58.65041781396523,1,H
125,7,2,0,1,-21.331451478015328,-15.240407008178503,-190.1654899273471,-100.0,1,H
126,7.0,2.0,1.0,0.0,,,,,,
127,7.0,2.0,1.0,1.0,,,,,,
128,7,3,0,0,-66.01507978664344,-44.365716904167606,-69.6748170134371,-48.903751367752676,1,H
129,7,3,0,1,-22.62423115069153,-10.462377682782632,-100.0,-100.0,1,H
130,7.0,3.0,1.0,0.0,,,,,,
131,7.0,3.0,1.0,1.0,,,,,,
132,7,4,0,0,-43.5991083846955,-23.48269147084035,-74.67969247249391,-49.26358709423923,1,H
133,7,4,0,1,-23.051022401568815,-13.378981926740607,-100.0,-100.0,1,H
134,7.0,4.0,1.0,0.0,,,,,,
135,7.0,4.0,1.0,1.0,,,,,,
136,7,5,0,0,-44.24052144804416,-27.871893690563113,-34.752494522870606,-62.76880317610976,1,H
137,7,5,0,1,-12.965750399037152,-16.241374182772446,-190.7234036110542,-100.0,0,S
138,7.0,5.0,1.0,0.0,,,,,,
139,7.0,5.0,1.0,1.0,,,,,,
140,7,6,0,0,-38.63888545722188,-25.210384790849684,-70.59656842430888,-46.242555201550005,1,H
141,7,6,0,1,-15.097568996803176,-6.592332933964439,-100.0,-100.0,1,H
142,7.0,6.0,1.0,0.0,,,,,,
143,7.0,6.0,1.0,1.0,,,,,,
144,7,7,0,0,-50.634116457694056,-21.374999521341486,-61.718659020973554,-47.23912434391715,1,H
145,7,7,0,1,8.412166690854733,-3.7161738215392273,0.0,0.0,0,S
146,7.0,7.0,1.0,0.0,,,,,,
147,7.0,7.0,1.0,1.0,,,,,,
148,7,8,0,0,-64.86250301290484,-46.58519926521998,-69.66031744615772,-61.421859780425535,1,H
149,7,8,0,1,-13.461520903336059,-12.624071992072633,-100.0,-100.0,1,H
150,7.0,8.0,1.0,0.0,,,,,,
151,7.0,8.0,1.0,1.0,,,,,,
152,7,9,0,0,-77.05195309209425,-48.56777325917196,-59.80167809132365,-67.3182524911856,1,H
153,7,9,0,1,-20.284311152693423,-12.757946130792057,-190.0,-100.0,1,H
154,7.0,9.0,1.0,0.0,,,,,,
155,7.0,9.0,1.0,1.0,,,,,,
156,7,10,0,0,-92.06106302863128,-53.32731697677866,-140.95568555377875,-77.76175644858084,1,H
157,7,10,0,1,-56.41613851479886,-54.890502310102015,-100.0,-194.41533117436725,1,H
158,7.0,10.0,1.0,0.0,,,,,,
159,7.0,10.0,1.0,1.0,,,,,,
160,8,1,0,0,-101.38164829006973,-58.91552290710207,-94.1354530870589,-82.40855020411578,1,H
161,8,1,0,1,-27.663217490101964,-30.757986279581747,-191.40628756342517,-100.0,0,S
162,8.0,1.0,1.0,0.0,,,,,,
163,8.0,1.0,1.0,1.0,,,,,,
164,8,2,0,0,-41.45925533123472,-30.45584038378146,-44.680011300399684,-44.19646113167915,1,H
165,8,2,0,1,-19.949005275829087,-15.14839380477665,-100.0,-100.0,1,H
166,8.0,2.0,1.0,0.0,,,,,,
167,8.0,2.0,1.0,1.0,,,,,,
168,8,3,0,0,-43.590065883978085,-22.225386977379443,-78.33315762354243,-40.71232544684323,1,H
169,8,3,0,1,-21.730659680621788,-11.684434632649495,-100.0,-191.09780989770474,1,H
170,8.0,3.0,1.0,0.0,,,,,,
171,8.0,3.0,1.0,1.0,,,,,,
172,8,4,0,0,-42.0853847958015,-27.940279370613055,-71.59895772172109,-43.384797021967564,1,H
173,8,4,0,1,-15.069124211303834,-11.780759463764312,-100.0,-100.0,1,H
174,8.0,4.0,1.0,0.0,,,,,,
175,8.0,4.0,1.0,1.0,,,,,,
176,8,5,0,0,-44.831303088711884,-26.880132589140032,-64.00168500637626,-55.08738620744658,1,H
177,8,5,0,1,-20.989211929734523,-8.673288790388218,-100.0,-100.0,1,H
178,8.0,5.0,1.0,0.0,,,,,,
179,8.0,5.0,1.0,1.0,,,,,,
180,8,6,0,0,-39.71979064263367,-26.1913380363759,-57.919720029629175,-55.6400772884971,1,H
181,8,6,0,1,-16.375691792516736,-8.849118641589708,-100.0,-100.0,1,H
182,8.0,6.0,1.0,0.0,,,,,,
183,8.0,6.0,1.0,1.0,,,,,,
184,8,7,0,0,-64.43200529427499,6.963885073965747,-48.27420860673547,-42.38406941316909,1,H
185,8,7,0,1,-14.742998608124012,-0.5249518169989988,-100.0,-100.0,1,H
186,8.0,7.0,1.0,0.0,,,,,,
187,8.0,7.0,1.0,1.0,,,,,,
188,8,8,0,0,-72.72573849930625,-31.84773289266258,-66.10824107217225,-62.463984636688366,1,H
189,8,8,0,1,-11.79457775648195,-3.300801184361008,-190.48581346915856,-100.0,1,H
190,8.0,8.0,1.0,0.0,,,,,,
191,8.0,8.0,1.0,1.0,,,,,,
192,8,9,0,0,-80.22964453387738,-58.33511153954528,-79.30561044522823,-65.65116288577403,1,H
193,8,9,0,1,-43.33071196237061,-30.126931686873434,-191.72557610210225,-100.0,1,H
194,8.0,9.0,1.0,0.0,,,,,,
195,8.0,9.0,1.0,1.0,,,,,,
196,8,10,0,0,-81.06177912355591,-64.06895119237817,-112.0993847062075,-82.48659503144114,1,H
197,8,10,0,1,-65.24966638541358,-56.166497239981325,-190.0364510441874,-100.0,1,H
198,8.0,10.0,1.0,0.0,,,,,,
199,8.0,10.0,1.0,1.0,,,,,,
200,9,1,0,0,-98.98057479563572,-52.762122463671005,-121.87603766063073,-75.08390252496933,1,H
201,9,1,0,1,-52.570955325147374,-52.48495893335385,-100.0,-100.0,1,H
202,9.0,1.0,1.0,0.0,,,,,,
203,9.0,1.0,1.0,1.0,,,,,,
204,9,2,0,0,-48.72017330277315,-36.28533956427095,-39.71468584767594,-38.00216217889364,1,H
205,9,2,0,1,-23.52305410937293,-11.097527670619213,-272.61703066803284,-100.0,1,H
206,9.0,2.0,1.0,0.0,,,,,,
207,9.0,2.0,1.0,1.0,,,,,,
208,9,3,0,0,-53.62034086688183,-10.378280123084632,-47.7660068638402,-46.100937599424164,1,H
209,9,3,0,1,-15.727469909447215,-6.39596320210132,-100.0,-100.0,1,H
210,9.0,3.0,1.0,0.0,,,,,,
211,9.0,3.0,1.0,1.0,,,,,,
212,9,4,0,0,-67.34201729162932,-20.913579846933906,-31.278470900378792,-50.598528471813765,1,H
213,9,4,0,1,-15.9245939672967,-9.899331321952701,-409.0379863130023,-271.5587160281888,1,H
214,9.0,4.0,1.0,0.0,,,,,,
215,9.0,4.0,1.0,1.0,,,,,,
216,9,5,0,0,-59.765964056297165,-2.5054049156654923,-34.17616419988368,-22.566741127446225,1,H
217,9,5,0,1,-10.07199804919491,8.190734017202928,-100.0,-190.26006582140343,1,H
218,9.0,5.0,1.0,0.0,,,,,,
219,9.0,5.0,1.0,1.0,,,,,,
220,9,6,0,0,-42.672883271393836,-2.6759914315971365,-21.43558330163108,-34.34135168612612,1,H
221,9,6,0,1,-10.313221211966043,-9.460060836397114,-100.0,-100.0,1,H
222,9.0,6.0,1.0,0.0,,,,,,
223,9.0,6.0,1.0,1.0,,,,,,
224,9,7,0,0,-79.81374637495682,-4.851994508188793,-38.11644738933643,-36.01119859420358,1,H
225,9,7,0,1,-30.461637858763012,-13.214845612110157,-100.0,-100.0,1,H
226,9.0,7.0,1.0,0.0,,,,,,
227,9.0,7.0,1.0,1.0,,,,,,
228,9,8,0,0,-43.048707605218105,-22.643025045577456,-78.94338329413225,-46.95166929479827,1,H
229,9,8,0,1,-29.92726295460249,-4.472142206609307,-100.0,-100.0,1,H
230,9.0,8.0,1.0,0.0,,,,,,
231,9.0,8.0,1.0,1.0,,,,,,
232,9,9,0,0,-65.92352657108461,-25.507138466715702,-93.35306678760804,-46.238505051210986,1,H
233,9,9,0,1,-36.10429547251882,-28.401262716174227,-100.0,-100.0,1,H
234,9.0,9.0,1.0,0.0,,,,,,
235,9.0,9.0,1.0,1.0,,,,,,
236,9,10,0,0,-98.12371659677129,-56.19049445037934,-81.91537821291567,-72.5778308649527,1,H
237,9,10,0,1,-59.90505980704915,-50.60290317165485,-481.5417828560071,-477.3996574547164,1,H
238,9.0,10.0,1.0,0.0,,,,,,
239,9.0,10.0,1.0,1.0,,,,,,
240,10,1,0,0,-66.91171990071248,-46.71700612050581,-71.76379412828379,-57.92426912711618,1,H
241,10,1,0,1,-54.50640194527485,-42.87207306641794,-100.0,-273.8386312718759,1,H
242,10.0,1.0,1.0,0.0,,,,,,
243,10.0,1.0,1.0,1.0,,,,,,
244,10,2,0,0,-72.24240741901227,-28.394720071618178,-43.20129479748074,-41.5842014859721,1,H
245,10,2,0,1,-3.502584098939014,4.222496150152407,-341.9168129263299,-188.35677281316623,1,H
246,10.0,2.0,1.0,0.0,,,,,,
247,10.0,2.0,1.0,1.0,,,,,,
248,10,3,0,0,-33.488541261351365,-2.3840559881625083,-59.40191137882809,-43.25925984988681,1,H
249,10,3,0,1,-3.4409215748098347,8.228536748719744,-268.9072172170172,-188.75845072063194,1,H
250,10.0,3.0,1.0,0.0,,,,,,
251,10.0,3.0,1.0,1.0,,,,,,
252,10,4,0,0,-79.73349398828296,-9.564944950000141,-52.34920204892457,-60.28986835041002,1,H
253,10,4,0,1,-26.761921396066395,-14.195863474645488,-100.0,-344.4823974348244,1,H
254,10.0,4.0,1.0,0.0,,,,,,
255,10.0,4.0,1.0,1.0,,,,,,
256,10,5,0,0,-26.26400652083659,-10.273581015219664,-27.303789759543378,-38.806282912067466,1,H
257,10,5,0,1,-13.378237300924127,6.046519204652199,-100.0,-267.18349474083857,1,H
258,10.0,5.0,1.0,0.0,,,,,,
259,10.0,5.0,1.0,1.0,,,,,,
260,10,6,0,0,-62.248620517068424,-25.168512906542468,20.274142868402272,-43.07166726010499,2,D
261,10,6,0,1,-19.542677001295484,-6.396674887307885,-100.0,-100.0,1,H
262,10.0,6.0,1.0,0.0,,,,,,
263,10.0,6.0,1.0,1.0,,,,,,
264,10,7,0,0,-55.359850832258076,27.615481022401102,-37.81486642353764,-36.296846122502174,1,H
265,10,7,0,1,-8.283976234708522,-2.963783436172137,-404.8290243348149,-188.50154804047867,1,H
266,10.0,7.0,1.0,0.0,,,,,,
267,10.0,7.0,1.0,1.0,,,,,,
268,10,8,0,0,-42.847667463807554,-15.57496325403763,-33.562024929287986,-60.42383892459132,1,H
269,10,8,0,1,-21.266472168862244,1.4160598030025877,-100.0,-100.0,1,H
270,10.0,8.0,1.0,0.0,,,,,,
271,10.0,8.0,1.0,1.0,,,,,,
272,10,9,0,0,-45.98635429441459,-7.3837309451938,-98.01910362800572,-67.65536548830084,1,H
273,10,9,0,1,-12.586527812600387,-8.892845135772966,-100.0,-100.0,1,H
274,10.0,9.0,1.0,0.0,,,,,,
275,10.0,9.0,1.0,1.0,,,,,,
276,10,10,0,0,-71.0459693101108,-35.83006115277881,-74.2102423595225,-64.09646241065222,1,H
277,10,10,0,1,-57.377229445820596,-32.01186848081216,-349.94239935078417,-415.7592781310717,1,H
278,10.0,10.0,1.0,0.0,,,,,,
279,10.0,10.0,1.0,1.0,,,,,,
280,11,1,0,0,-84.52367249449256,-3.475760368437866,-70.0413126830772,-63.33237637862008,1,H
281,11,1,0,1,-36.79195520805567,-36.8000359043845,-192.5154470770612,-273.77219398988245,0,S
282,11.0,1.0,1.0,0.0,,,,,,
283,11.0,1.0,1.0,1.0,,,,,,
284,11,2,0,0,-55.46773521521858,-21.962422436069556,-68.67307811141843,-50.487802107996345,1,H
285,11,2,0,1,-10.689721505273457,13.26173960889925,-189.26507432328583,-270.387757337514,1,H
286,11.0,2.0,1.0,0.0,,,,,,
287,11.0,2.0,1.0,1.0,,,,,,
288,11,3,0,0,-37.46423500601807,-26.88260134953778,-41.41129743636329,-72.24908834653982,1,H
289,11,3,0,1,-10.231673063532604,7.740264565538267,-271.3525680501675,-99.69989666328955,1,H
290,11.0,3.0,1.0,0.0,,,,,,
291,11.0,3.0,1.0,1.0,,,,,,
292,11,4,0,0,-59.23509546918051,-2.509937341956226,-45.927599773370446,-59.287744719341696,1,H
293,11,4,0,1,-47.95637370464682,28.510993499519486,-188.3601753858248,-189.32397171890426,1,H
294,11.0,4.0,1.0,0.0,,,,,,
295,11.0,4.0,1.0,1.0,,,,,,
296,11,5,0,0,-27.169837595461253,-7.014189320557772,-31.290425296640795,-54.67365482972223,1,H
297,11,5,0,1,-29.50903929551875,2.8175209734345823,-190.11176935136473,-100.0,1,H
298,11.0,5.0,1.0,0.0,,,,,,
299,11.0,5.0,1.0,1.0,,,,,,
300,11,6,0,0,-31.541474138299044,-16.3234940076132,64.39809169001701,-48.71285966873839,2,D
301,11,6,0,1,-3.354477654855626,16.825029822347165,0.0,-187.04130783460536,1,H
302,11.0,6.0,1.0,0.0,,,,,,
303,11.0,6.0,1.0,1.0,,,,,,
304,11,7,0,0,-72.87232505750401,6.328984382689505,-44.33019684078713,-54.36735518697016,1,H
305,11,7,0,1,-26.50337779569432,9.594167249029235,-340.90892768453784,-100.0,1,H
306,11.0,7.0,1.0,0.0,,,,,,
307,11.0,7.0,1.0,1.0,,,,,,
308,11,8,0,0,-33.74390609788073,-25.66243506933811,37.48737446460801,-57.780732963729356,2,D
309,11,8,0,1,-13.862164793550273,-3.890753801236973,-341.43939873533805,-269.0291557512105,1,H
310,11.0,8.0,1.0,0.0,,,,,,
311,11.0,8.0,1.0,1.0,,,,,,
312,11,9,0,0,-57.94845439708125,-3.486991839475131,-96.03314269053655,-54.21189592957717,1,H
313,11,9,0,1,-29.02880776171726,-27.969842391068514,-269.8790856828064,-191.96389645171223,1,H
314,11.0,9.0,1.0,0.0,,,,,,
315,11.0,9.0,1.0,1.0,,,,,,
316,11,10,0,0,-98.33631955135618,-41.8895593556503,-61.477977712152395,-85.89958605918281,1,H
317,11,10,0,1,-66.18991021733048,-14.121513792455655,-581.2861152127622,-531.7905395539163,1,H
318,11.0,10.0,1.0,0.0,,,,,,
319,11.0,10.0,1.0,1.0,,,,,,
320,12,1,0,0,-103.9037779507188,-93.83715314970748,-105.83087592654965,-97.32364155129945,1,H
321,12,1,0,1,-106.11702914715723,-71.25370633752809,-278.14389835956854,-492.07043750481523,1,H
322,12,1,1,0,-24.169036757018034,-20.666545388818417,-20.463219390380644,-21.394332941886056,2,D
323,12.0,1.0,1.0,1.0,,,,,,
324,12,2,0,0,-93.7720733983731,-62.809751511622196,-109.98274371970106,-93.6586461419208,1,H
325,12,2,0,1,-81.28052904066907,-67.95889223786195,-278.28054939246067,-196.58275545836523,1,H
326,12,2,1,0,-20.685425093496647,-4.747451388493445,0.1852866033038243,-16.594103849431747,2,D
327,12.0,2.0,1.0,1.0,,,,,,
328,12,3,0,0,-71.69587992931467,-46.830648790637554,-95.6055448490972,-91.17427565134946,1,H
329,12,3,0,1,-74.48933084648705,-72.25774323343464,-534.1820120437997,-537.2423611952937,1,H
330,12,3,1,0,-28.728531553372193,-6.283558742433966,-16.892467818467633,-16.238847462221575,1,H
331,12.0,3.0,1.0,1.0,,,,,,
332,12,4,0,0,-90.89898440328113,-90.41496404664477,-91.87141846583832,-83.44914354191921,3,Su
333,12,4,0,1,-41.93327171316041,-36.76327501557694,-535.6683348373228,-418.05859064188314,1,H
334,12,4,1,0,-10.0,11.18356771341869,-30.477759472870726,-9.126619242355131,1,H
335,12.0,4.0,1.0,1.0,,,,,,
336,12,5,0,0,-81.06738894108692,-52.92368368496038,-112.95506415305213,-72.00002699905356,1,H
337,12,5,0,1,-58.14566257201301,-35.52316303790702,-354.43852166675316,-478.89892282137856,1,H
338,12,5,1,0,-24.910872121073947,-3.2274927450450237,-3.6169933202331173,-6.292804946973459,1,H
339,12.0,5.0,1.0,1.0,,,,,,
340,12,6,0,0,-58.8238016991705,-52.08129137657876,-101.57193090339203,-92.36520895035058,1,H
341,12,6,0,1,-43.85485385712409,-81.28320627781054,-349.96021925504095,-410.84141490317063,0,S
342,12,6,1,0,-42.24027945323397,3.1571311150542973,-24.464104599463493,-25.558827383787374,1,H
343,12.0,6.0,1.0,1.0,,,,,,
344,12,7,0,0,-94.21458250249519,-59.277063351080514,-129.2590679176741,-95.04346677968616,1,H
345,12,7,0,1,-78.28724335682381,-11.537706168759682,-586.0884657331832,-417.64749059026576,1,H
346,12,7,1,0,-18.009246337320672,3.476752766547078,-90.77845270917531,-16.73657359386984,1,H
347,12.0,7.0,1.0,1.0,,,,,,
348,12,8,0,0,-100.0229316368669,-41.791427507971164,-129.38705258894504,-84.35000641529012,1,H
349,12,8,0,1,-93.43734147970116,-67.28098603806782,-535.1261898391306,-537.1233265788505,1,H
350,12,8,1,0,-16.408706197798043,-14.754174090890826,-16.191554639373138,-27.970316211045965,1,H
351,12.0,8.0,1.0,1.0,,,,,,
352,12,9,0,0,-87.92130762879255,-64.62976151843355,-102.13333409495337,-90.90108817479214,1,H
353,12,9,0,1,-76.6448359842814,-46.78292238785078,-631.766377792008,-280.9459383074793,1,H
354,12,9,1,0,-60.17319886518586,-17.335216562012118,-57.05055678684552,-29.253740392421697,1,H
355,12.0,9.0,1.0,1.0,,,,,,
356,12,10,0,0,-96.5861145536684,-102.16799706363274,-120.9677682859568,-99.00560200442816,0,S
357,12,10,0,1,-95.4316859133412,-60.89580942848355,-1025.2143976634623,-946.2212859439671,1,H
358,12,10,1,0,-53.210746717175766,-34.739438849093645,-48.92542616961221,-42.384954556833804,1,H
359,12.0,10.0,1.0,1.0,,,,,,
360,13,1,0,0,-101.9376817525602,-100.4101647310683,-153.36517720760912,-77.03489106420606,3,Su
361,13,1,0,1,-95.49171592909892,-83.28755680946509,-197.79538458803955,-490.79218864750146,1,H
362,13,1,1,0,-39.49255509017488,-24.08113341068094,-50.38815820623718,-43.13999901182889,1,H
363,13,1,1,1,-12.178395221262551,0.0,0.0,-100.0,1,H
364,13,2,0,0,-103.2823249824219,-35.91060099743162,-99.7695956157517,-92.39936716997626,1,H
365,13,2,0,1,-79.36779788837738,-54.215699867468174,-421.4121120688287,-638.6187307814455,1,H
366,13,2,1,0,-33.27805817774582,-21.08773945903955,-40.759760787903645,-27.937714277675,1,H
367,13,2,1,1,14.118632652857368,0.0,0.0,0.0,0,S
368,13,3,0,0,-109.6764060849368,-50.72455927684702,-88.86508471355833,-79.57408836644262,1,H
369,13,3,0,1,-85.18102213521635,-102.38360989739455,-430.55648964936574,-353.3212825037052,0,S
370,13,3,1,0,-36.91073366311734,-25.23931393083193,-50.33987291033075,-30.28940131565915,1,H
371,13,3,1,1,-10.534206472949235,-10.64172429748955,-100.0,-100.0,0,S
372,13,4,0,0,-88.13215676433259,-73.62486476195167,-108.45506822093814,-85.00614558780555,1,H
373,13,4,0,1,-76.66976462646068,-64.77348102229277,-539.7154083273251,-488.573945046189,1,H
374,13,4,1,0,-18.277084449039087,1.121222306699515,-16.760343646959385,-18.151677220513687,1,H
375,13,4,1,1,-7.79246808019945,-6.553723682965789,-100.0,-100.0,1,H
376,13,5,0,0,-89.61804876752942,-44.64413346887357,-93.09418214435028,-93.21299640896167,1,H
377,13,5,0,1,-77.29570465047392,-68.29157278802978,-700.2667476021348,-467.33772339542645,1,H
378,13,5,1,0,-14.901789922682347,-17.353340822403375,-27.8202863594661,-17.375280590678464,0,S
379,13,5,1,1,-7.2751136451460905,7.007791069458683,0.0,0.0,1,H
380,13,6,0,0,-54.09797576768344,-76.23187837367517,-122.35817618531945,-74.02198059983782,0,S
381,13,6,0,1,-58.58518952194689,-87.87247102638,-540.9614880847497,-541.0464081631883,0,S
382,13,6,1,0,-58.396130650812374,-10.519958557219086,-68.04022283309922,-19.32526568424357,1,H
383,13,6,1,1,0.0,6.147559678963001,0.0,0.0,1,H
384,13,7,0,0,-81.2630941064912,-34.91683593599417,-85.34643844034501,-76.5523030093351,1,H
385,13,7,0,1,-117.45232453619987,-30.43489565543534,-545.9341998389951,-714.9350460841637,1,H
386,13,7,1,0,-37.646302811769644,-15.016105634863433,-27.4416737756154,-23.17017192820568,1,H
387,13,7,1,1,-12.666455922770483,-0.23557728693955438,0.0,-100.0,2,D
388,13,8,0,0,-96.84704546083192,-91.45459080970647,-97.28209000505345,-92.00752443259012,1,H
389,13,8,0,1,-73.77118193884695,-103.77608268649864,-487.03562141675957,-594.660285555266,0,S
390,13,8,1,0,-58.73349597136949,-23.57272753542083,-68.80247381422903,-48.46208012237954,1,H
391,13,8,1,1,-17.094909991198488,-6.515652520311107,-100.0,0.0,3,Su
392,13,9,0,0,-112.53115564723414,-61.726575144627276,-113.02971879294124,-101.98279868145731,1,H
393,13,9,0,1,-44.469673742021456,-88.1837191799555,-584.8706296341534,-482.1134889831305,0,S
394,13,9,1,0,-46.74938696854295,-21.87187521753588,-39.610848306475106,-40.081297509729815,1,H
395,13,9,1,1,5.313232981845161,0.0,0.0,0.0,0,S
396,13,10,0,0,-112.26193980882466,-103.71473759429703,-151.12764351921032,-87.87976157793655,3,Su
397,13,10,0,1,-101.11833411762058,-71.25675397678306,-1000.2257706601245,-930.934020044518,1,H
398,13,10,1,0,-63.34872419238364,-48.741794847946316,-74.88329433686033,-55.9102315589073,1,H
399,13,10,1,1,-22.954780230970552,-22.916880030763338,-99.14014167708369,-100.0,1,H
400,14,1,0,0,-88.81520837152624,-94.02223657801306,-120.07673673077804,-82.77861527718072,3,Su
401,14,1,0,1,-102.85890162261494,-81.56024902272424,-498.70651681174627,-434.8455778979203,1,H
402,14,1,1,0,-58.21342657747632,-42.95463082902379,-80.51214702768463,-54.8483189807807,1,H
403,14,1,1,1,-14.783770113881209,-11.341140706629664,-190.26839041354077,-100.0,1,H
404,14,2,0,0,-103.91379953940466,-105.88697926314236,-117.57165235456722,-85.4143251813484,3,Su
405,14,2,0,1,-65.51357544024064,-64.18244756343846,-581.0187849992991,-676.0930809326792,1,H
406,14,2,1,0,-52.85471919808828,-2.061159732443647,-80.48567592346302,-38.453421716890524,1,H
407,14,2,1,1,-14.716424441048185,-1.1899342323494497,0.0,0.0,2,D
408,14,3,0,0,-100.41659308913133,-56.12495298891737,-136.48718377321103,-89.79196627740927,1,H
409,14,3,0,1,-71.7126170422492,-102.55465053029212,-274.79225152382674,-540.7187082415387,0,S
410,14,3,1,0,-37.57662388844213,-33.78669490135148,-35.58130302175106,-32.393061165735425,3,Su
411,14,3,1,1,-24.693711986704848,-18.495261735883066,-100.0,-100.0,1,H
412,14,4,0,0,-94.86743534585946,-76.5307540580742,-101.06548511882929,-96.06524340655578,1,H
413,14,4,0,1,-44.9460510183602,-77.29599010104342,-630.105053907131,-532.4767075239332,0,S
414,14,4,1,0,-41.76117090776332,-10.698280036764164,-42.73278612912333,-24.01109689809637,1,H
415,14,4,1,1,-21.97290548785523,-7.446893383777724,-100.0,-100.0,1,H
416,14,5,0,0,-91.3476826942161,-84.50720639498627,-86.9286909562034,-93.72815178709084,1,H
417,14,5,0,1,-51.808942287026326,-97.79926016856376,-742.7820074654009,-538.5661949988028,0,S
418,14,5,1,0,-26.524804910861974,-5.839094614527671,-37.543178986270775,-20.35400158008823,1,H
419,14,5,1,1,-12.234694254921834,-12.41888673349764,-100.0,-100.0,0,S
420,14,6,0,0,-19.449809849504128,-95.52048631850468,-85.05690367627724,-89.2672099812412,0,S
421,14,6,0,1,-76.50861955411543,-61.04580579870371,-348.44231237290774,-418.2326078344635,1,H
422,14,6,1,0,-45.9631494336608,-11.473280045465875,-31.62638325292662,-28.67766410891703,1,H
423,14,6,1,1,-7.978084703840132,4.303227682791041,-100.0,-100.0,1,H
424,14,7,0,0,-103.6925535876382,-110.41807157369635,-102.99679264056998,-88.84989099683044,3,Su
425,14,7,0,1,-95.39126898148396,-43.119781292342374,-489.92424452703926,-594.2570096470336,1,H
426,14,7,1,0,-31.276912923926048,-12.09340491153744,-31.467394048737688,-28.57025237041228,1,H
427,14,7,1,1,0.0,13.267268814853884,0.0,0.0,1,H
428,14,8,0,0,-102.04136591063344,-83.1605680502813,-94.2062265556596,-83.5183062046966,1,H
429,14,8,0,1,-100.92219365897493,-70.31020859538049,-641.2364114592177,-419.8654811846751,1,H
430,14,8,1,0,-36.64192454345991,-18.654778086087894,-36.32506249007331,-36.096779717030444,1,H
431,14,8,1,1,-16.76834102645031,-2.921236000378788,-100.0,-100.0,1,H
432,14,9,0,0,-107.95357116648172,-75.8242975339928,-148.93628285295557,-102.68955797811189,1,H
433,14,9,0,1,-117.10243401041038,-76.61038777121341,-427.9529596047666,-358.86521888370777,1,H
434,14,9,1,0,-56.268837060756645,-31.438575667663354,-75.07168766820222,-40.10462063261131,1,H
435,14,9,1,1,-24.87827109584084,-12.869382062678941,-100.0,-190.99312872536598,1,H
436,14,10,0,0,-110.40424396503693,-55.78903594124868,-160.42433129473872,-92.96485235370777,1,H
437,14,10,0,1,-109.4394258415558,-99.87863743954736,-985.6686678187332,-1037.3135463357412,1,H
438,14,10,1,0,-76.21471469439626,-39.47238420615954,-49.092343199797426,-60.89807338594192,1,H
439,14,10,1,1,-22.380525736203314,-20.259378218948832,-191.54273821540207,-100.0,1,H
440,15,1,0,0,-95.32532277531816,-100.02356266604524,-193.1559581444908,-83.16551414223109,3,Su
441,15,1,0,1,-94.97891609239808,-122.03255728639613,-651.3902478328943,-606.8510053686147,0,S
442,15,1,1,0,-57.492648394188855,-56.650800489047164,-58.80769859041639,-56.3134105537832,3,Su
443,15,1,1,1,-22.440146890827833,-18.623679803891065,-190.44872599776994,-100.0,1,H
444,15,2,0,0,-94.2613023818839,-97.98111565962756,-118.88493104334049,-94.71895899658466,0,S
445,15,2,0,1,-100.27770741487228,-97.95057605782961,-279.22346517065125,-279.98161515971805,1,H
446,15,2,1,0,-45.051987346778844,-27.81433563566103,-34.50068224562412,-37.633770120322914,1,H
447,15,2,1,1,-17.246815379784078,-7.913950301479673,-100.0,-100.0,1,H
448,15,3,0,0,-56.4297800150198,-95.62050577802216,-98.45668838193362,-88.01611116987551,0,S
449,15,3,0,1,-55.38450595218304,-84.8006723109433,-349.68508491090245,-638.4483167575444,0,S
450,15,3,1,0,-45.27942830176724,-22.40663782258268,-39.26782947065186,-33.79291598334971,1,H
451,15,3,1,1,-24.904980730036428,-23.98770107392448,-100.0,-100.0,1,H
452,15,4,0,0,-101.1991304994042,-94.62539472310263,-158.91832608069723,-73.532584234652,3,Su
453,15,4,0,1,-73.47437869660892,-89.94387231775914,-536.6620951796372,-353.31874738487676,0,S
454,15,4,1,0,-26.786400650896308,-10.831501699588824,-30.575924220673958,-26.131841792687435,1,H
455,15,4,1,1,-15.054911842854931,-8.791323868107991,-189.70449644532943,-100.0,1,H
456,15,5,0,0,-99.15441598003275,-73.12858678648801,-120.1858607101987,-83.36531095038637,1,H
457,15,5,0,1,-71.37247109012719,-105.6353570791852,-478.5214628392092,-594.6881392972571,0,S
458,15,5,1,0,-23.164867828959256,-23.974266292671587,-37.48734508649234,-32.33904663194552,0,S
459,15,5,1,1,-15.233665907993213,-8.821920930708364,-100.0,-190.0396333358131,1,H
460,15,6,0,0,-69.64634507304565,-88.94306389134425,-109.53438432089288,-85.87936474252733,0,S
461,15,6,0,1,-38.92961883872773,-104.0839514840555,-577.7766461723854,-537.9506304857613,0,S
462,15,6,1,0,-29.169543045741015,-15.696497420976048,-34.10980669925698,-28.456165570233924,1,H
463,15,6,1,1,-6.859769635445167,-10.310103731174335,-190.59320787472254,-100.0,0,S
464,15,7,0,0,-98.12024377076911,-103.18933387626764,-90.4300460411438,-87.49000348318302,3,Su
465,15,7,0,1,-120.12258643291734,-45.23723488951851,-727.8132257258692,-358.5478391660777,1,H
466,15,7,1,0,-38.000957020316356,-6.161618204926664,-36.20405528002263,-40.73180370353646,1,H
467,15,7,1,1,-25.245724921528733,-19.18410403129445,-100.0,-100.0,1,H
468,15,8,0,0,-102.57821261997857,-56.69092416903878,-118.84143323522824,-97.00263107134069,1,H
469,15,8,0,1,-105.43146230696223,-75.29045798395308,-604.6968463528342,-546.9535991502777,1,H
470,15,8,1,0,-55.92787169125183,-40.96861022886076,-59.80348383500445,-50.936777315245166,1,H
471,15,8,1,1,-14.661881841941463,-4.304025217465986,-100.0,-100.0,1,H
472,15,9,0,0,-92.573921272647,-82.97437694171481,-113.94797759293373,-89.39006835394122,1,H
473,15,9,0,1,-116.75441031668807,-85.06745679914876,-490.619485226572,-493.2291028100215,1,H
474,15,9,1,0,-49.98777090916637,-35.065298756146404,-86.01620747100543,-46.77573309412763,1,H
475,15,9,1,1,-30.579365827888534,-17.61319037134686,-189.2265897272961,-100.0,1,H
476,15,10,0,0,-113.45223873991033,-98.61898539446283,-156.12371248873694,-81.00879162072876,3,Su
477,15,10,0,1,-123.322507553477,-71.7785326806898,-1010.5113504754215,-1040.8267343883035,1,H
478,15,10,1,0,-74.17349356315518,-38.800860630341816,-51.216988438126506,-67.07440565756369,1,H
479,15,10,1,1,-56.882115830514834,-44.94368331671968,-271.8251508835304,-270.6686876249451,1,H
480,16,1,0,0,-96.00575992176356,-105.80412318950778,-159.44149327644752,-86.45641387472367,3,Su
481,16,1,0,1,-118.76646612737007,-96.28887719152776,-734.0626113684475,-434.98068975919,1,H
482,16,1,1,0,-67.18216730369423,-61.787305138386074,-75.98714305630868,-63.784450138092076,1,H
483,16,1,1,1,-43.76717965570361,-41.80714008545539,-100.0,-191.89339226964046,1,H
484,16,2,0,0,-75.9249269086254,-98.23685951784356,-140.23113226103658,-95.08207904755795,0,S
485,16,2,0,1,-102.4932470040861,-53.80527335781694,-760.2132473305012,-488.4750729850209,1,H
486,16,2,1,0,-39.64198757097179,-29.065545291713057,-57.98798118109728,-33.74148778040134,1,H
487,16,2,1,1,-43.47508079025751,-22.201581839828627,-100.0,-191.9094806101321,1,H
488,16,3,0,0,-105.1479997668062,-98.78386596316356,-116.02164307646605,-77.45074415209152,3,Su
489,16,3,0,1,-100.32075415942239,-114.58484281615242,-353.28956305945246,-548.5771044512077,0,S
490,16,3,1,0,-47.07108076827846,-31.46401272663497,-47.59677499425079,-42.02101367274639,1,H
491,16,3,1,1,-36.466665252220594,-32.768213244374834,-100.0,-100.0,1,H
492,16,4,0,0,-43.62698635009954,-94.70521048787909,-118.6107215055959,-77.54631599076684,0,S
493,16,4,0,1,-67.7134729155629,-80.4312327387472,-481.20982193044927,-625.3121147206328,0,S
494,16,4,1,0,-35.6868702646792,-2.772388399403793,-92.44161086743216,-33.102593280392156,1,H
495,16,4,1,1,-23.574041512421623,-17.900685373862512,-100.0,-100.0,1,H
496,16,5,0,0,-77.11680245175442,-81.07427660562306,-106.18152931573918,-79.84671338246588,0,S
497,16,5,0,1,-100.60727489803172,-80.44580836223777,-720.6494420947148,-585.3342209119888,1,H
498,16,5,1,0,-42.44071586060815,-36.82705729922591,-55.892819033994314,-36.85323252167926,1,H
499,16,5,1,1,-30.389983039804417,-10.0338026818622,-100.0,-100.0,1,H
500,16,6,0,0,-108.50008198007042,-67.05080237204349,-126.76142109572551,-103.06774211401476,1,H
501,16,6,0,1,-24.882609736219287,-103.14857453775767,-778.4862253445975,-671.9969704559103,0,S
502,16,6,1,0,-28.429616895126458,-21.06806170512644,-39.75430458862472,-31.217675254398337,1,H
503,16,6,1,1,-34.82864519773188,-22.265967131391545,-99.1181313872379,-100.0,1,H
504,16,7,0,0,-90.59992403228908,-96.84057005960928,-150.06361061425363,-79.24087413320235,3,Su
505,16,7,0,1,-108.15451950005452,-68.7899301364306,-550.1976556628185,-728.8387031954875,1,H
506,16,7,1,0,-27.672089346367528,-7.249033907167675,-45.99754758350541,-46.940944642720076,1,H
507,16,7,1,1,-38.412018183030966,-21.39757467705664,-190.0,-100.0,1,H
508,16,8,0,0,-95.03271063617579,-95.28469960166356,-100.97610088026615,-84.23025728931142,3,Su
509,16,8,0,1,-100.48486033584734,-66.6697615754513,-598.2714446532044,-905.8103143796474,1,H
510,16,8,1,0,-58.49150606913231,-40.81292967099394,-75.46804129342846,-47.31344241735033,1,H
511,16,8,1,1,-38.14977228877086,-0.021106075000070668,-100.0,-100.0,1,H
512,16,9,0,0,-104.97047841377673,-89.69677196385578,-139.77242473943642,-74.37682543582241,3,Su
513,16,9,0,1,-53.521208071534645,-118.07367745751543,-195.0479845632554,-360.9436299019145,0,S
514,16,9,1,0,-28.030438703647498,-37.85446570417401,-74.68504721141096,-51.77424981096611,0,S
515,16,9,1,1,-31.295626206107585,-33.15266219023948,-192.03278914221153,-272.862868550086,0,S
516,16,10,0,0,-108.18603301607128,-101.5951663456791,-160.6410881388232,-101.27607919337085,3,Su
517,16,10,0,1,-125.87241225530683,-101.55941138876537,-1028.8484328858879,-913.5848766881306,1,H
518,16,10,1,0,-61.67017956729785,-56.49147183361577,-61.860472664764266,-74.18205579349032,1,H
519,16,10,1,1,-70.580325304499,-51.90262206644269,-349.7967674509385,-193.515250809346,1,H
520,17,1,0,0,-109.11649964195104,-107.86048794309205,-118.76266305729482,-82.74922143996582,3,Su
521,17,1,0,1,-123.43368603834432,-94.26821438061668,-930.6538257382914,-899.372486633371,1,H
522,17,1,1,0,-70.68194074666337,-69.40095948890107,-81.6023756394667,-74.37017166929294,1,H
523,17,1,1,1,-40.12858771759073,-43.29510154799949,-100.0,-100.0,0,S
524,17,2,0,0,-50.59409041721949,-77.59216983979154,-103.52105069441764,-81.51489783061098,0,S
525,17,2,0,1,-50.28188984229194,-91.19396774610823,-492.3724113681158,-687.2287845793749,0,S
526,17,2,1,0,-31.28062097091668,-31.42206831120798,-41.571855435689606,-29.834413525276023,3,Su
527,17,2,1,1,-27.434965810730805,-27.179252790411173,-190.4895384443925,-345.6258098862588,1,H
528,17,3,0,0,-71.08744057920786,-91.43635722696435,-34.0760164061676,-84.14283962902215,2,D
529,17,3,0,1,-107.80787839997667,-110.52467725639156,-274.63262733197826,-716.3838489810432,0,S
530,17,3,1,0,-38.31310359806255,-23.689473456879746,40.06697059152951,-31.449437800717693,2,D
531,17,3,1,1,-32.320337377478936,7.442848104762029,-469.2147082535009,-272.54800197557523,1,H
532,17,4,0,0,-39.63899659768898,-82.84085024762406,-110.77542000277498,-90.15871431120257,0,S
533,17,4,0,1,-79.1036860593069,-100.0441915155311,-487.81037520801317,-701.7902859230934,0,S
534,17,4,1,0,-34.50295010874219,-33.36282300950835,-66.05923139265349,-34.87020741574848,1,H
535,17,4,1,1,-36.27302819953424,-24.81223345900416,-345.22181232425544,-270.6351296224775,1,H
536,17,5,0,0,-59.7916113555565,-94.3088369838319,-85.39263582978805,-85.24269966111376,0,S
537,17,5,0,1,-25.752267036933826,-65.45266888316479,-703.2211219997554,-753.9219606644531,0,S
538,17,5,1,0,-25.589712566411485,-16.844393876103393,-26.926411079973775,-24.683008057816764,1,H
539,17,5,1,1,2.6351716661294695,-19.779695360084343,-191.29035398892313,-100.0,0,S
540,17,6,0,0,25.73561836287104,-72.53667851043444,-53.937660227216355,-68.80963258614113,0,S
541,17,6,0,1,-36.06931499665761,-74.71829073143249,-480.6262373469656,-891.2136755863798,0,S
542,17,6,1,0,-34.39860685586681,-30.949094179939372,-39.451635446471045,-38.932323464284224,1,H
543,17,6,1,1,-23.94137709161158,-16.44211970989971,-190.64232202175089,-100.0,1,H
544,17,7,0,0,-65.4400958258847,-102.7425994222861,-106.33630228990621,-88.83722125861289,0,S
545,17,7,0,1,-48.23014826374782,-86.49997341111815,-834.5767811461723,-769.1788487799104,0,S
546,17,7,1,0,-33.21832488702352,-13.002242538220042,-47.89250342836024,-34.38685955092349,1,H
547,17,7,1,1,-37.329076757323904,-15.633405400775468,-270.83205834589796,-191.72003904538775,1,H
548,17,8,0,0,-100.42736713574678,-105.86608990463618,-173.9516203263782,-99.96006224371497,3,Su
549,17,8,0,1,-77.01085533815929,-86.0500108841812,-759.2193705368841,-548.8361535474309,0,S
550,17,8,1,0,-56.59053101272879,-39.90376363570998,-65.46766323225788,-63.520259155986444,1,H
551,17,8,1,1,-39.101587627924566,-21.673354207954535,-190.27080403491502,-100.0,1,H
552,17,9,0,0,-87.60658844495467,-95.4991807348413,-80.03631436653276,-64.52773091014876,3,Su
553,17,9,0,1,-36.547786704719414,-92.62573901974321,-683.3410683220181,-717.7074288746319,0,S
554,17,9,1,0,-49.7853790684288,-26.534154022487723,-59.93038730296198,-46.96399475571808,1,H
555,17,9,1,1,-36.95721725256149,-25.89181071066129,-100.0,-275.13037555871455,1,H
556,17,10,0,0,-116.29544505240193,-118.44969918504994,-144.12420901925447,-95.97837825131323,3,Su
557,17,10,0,1,-121.78453259599816,-118.71792885049778,-1023.1815276915532,-1046.203145859668,1,H
558,17,10,1,0,-72.61027262702939,-60.13313360478294,-118.0739156703524,-69.16092854160986,1,H
559,17,10,1,1,-65.14865290132859,-63.580964049752126,-191.63637460736084,-192.02968001349524,1,H
560,18,1,0,0,-96.16412295402165,-107.92668955228837,-151.1169481810068,-92.44341355691071,3,Su
561,18,1,0,1,-63.01055268746435,-113.25936840311162,-536.5856434832878,-782.4837315772419,0,S
562,18,1,1,0,-73.72771094549795,-51.93080162643748,-63.280309498850315,-60.8341850253771,1,H
563,18,1,1,1,-45.15905036638879,-50.497921452844714,-100.0,-100.0,0,S
564,18,2,0,0,-8.58392230248094,-96.91949402551886,-155.2024598631837,-69.23551111283984,0,S
565,18,2,0,1,-9.534427881922737,-87.04840414277596,-804.8699776990492,-728.0715023012593,0,S
566,18,2,1,0,-16.635123572637873,-21.557522484108645,-56.31369270778343,-47.44370134076749,0,S
567,18,2,1,1,-30.434530065494563,-25.928103928439743,-192.72771776522518,-190.6112470148063,1,H
568,18,3,0,0,-16.34969173115887,-73.1926592825327,-120.4413845744523,-75.72712789071696,0,S
569,18,3,0,1,-23.588207946271083,-74.6577459232432,-523.9656843842831,-651.514593167009,0,S
570,18,3,1,0,-26.75830213609559,-8.484587083011888,-35.29122650776853,-25.345875775196806,1,H
571,18,3,1,1,-10.518034747442105,-33.02108077115584,-272.866594999744,-345.1240373719976,0,S
572,18,4,0,0,-36.95333803823277,-81.27323996141865,-100.06838754796297,-67.06255576093197,0,S
573,18,4,0,1,9.473163690415518,-95.92145438569837,-418.0414872108001,-532.1463829237797,0,S
574,18,4,1,0,-15.569086491387955,-13.487896960590621,-20.562488927650204,-28.727685891412115,1,H
575,18,4,1,1,-7.284611740012665,0.10642630428218647,-100.0,-270.84283441889283,1,H
576,18,5,0,0,-11.89653928528478,-70.2072947252344,-155.91750995677359,-71.7689261439885,0,S
577,18,5,0,1,-7.422226630493821,-81.46638631456139,-461.8676025838343,-270.52073171263635,0,S
578,18,5,1,0,-23.621110822499396,-20.47314912234053,-21.985536148016102,-28.265226914673814,1,H
579,18,5,1,1,4.424437139371948,-13.744445204242737,-100.0,-100.0,0,S
580,18,6,0,0,-61.76740128015127,-78.92040872819403,-149.75548832796528,-56.62493421951749,3,Su
581,18,6,0,1,2.086644936991221,-61.02133976541627,-341.9564303569789,-188.12434496747323,0,S
582,18,6,1,0,27.467468132473986,-22.83307237362876,-49.1461461262101,-27.245139231084057,0,S
583,18,6,1,1,-31.5672960697002,-15.692011592743214,-190.91136259389157,-191.13935901960366,1,H
584,18,7,0,0,1.3651585888498952,-80.26756852288273,-64.30814216967777,-71.10221449439904,0,S
585,18,7,0,1,24.388095850230926,-78.45850420581053,-406.29593298764337,-563.1948599904408,0,S
586,18,7,1,0,56.07892010936843,-4.838203424938547,-37.0685501443941,-8.084271763925319,0,S
587,18,7,1,1,68.72092157919246,7.48573909614009,-188.63064222330985,-187.71954866957333,0,S
588,18,8,0,0,-43.97175262000485,-82.31133027704982,-65.3392065001247,-85.16641075271934,0,S
589,18,8,0,1,-27.296650684924412,-80.43200733010147,-475.7928024953271,-723.1221743120984,0,S
590,18,8,1,0,-23.585454231961222,-35.37009122222457,-56.439831634788284,-42.5884098731361,0,S
591,18,8,1,1,-34.879663706438336,-31.19948601567662,-100.0,-190.65346994952444,1,H
592,18,9,0,0,-56.21525239857273,-83.6289518023243,-119.15049797652102,-86.8562228996121,0,S
593,18,9,0,1,-83.23982480194496,-93.02527710324887,-486.36740080785927,-670.1769182282386,0,S
594,18,9,1,0,-55.104905912893635,-31.182646641647146,-57.022415908432855,-52.572588273004655,1,H
595,18,9,1,1,-45.05709325560389,-39.39619770537463,-192.24499477691282,-275.9098099800131,1,H
596,18,10,0,0,-95.46692277900893,-109.92198478436896,-169.69320690815061,-88.47564216381521,3,Su
597,18,10,0,1,-49.465852566899386,-108.58915195208235,-1034.6360137063443,-1024.2485714029283,0,S
598,18,10,1,0,-75.2577336295959,-41.9014637524417,-48.88084949602231,-64.61293859604613,1,H
599,18,10,1,1,-55.44179759569461,-46.434467048142785,-579.2799709081324,-344.68831841432865,1,H
600,19,1,0,0,-86.17211393458486,-83.62700212449452,-125.77391191599602,-86.27612660927943,1,H
601,19,1,0,1,-29.68541717858495,-99.323875894404,-417.09434866306066,-711.5272534463513,0,S
602,19,1,1,0,-23.136335185598888,-50.89596856954368,-69.04675637047168,-61.5975653897783,0,S
603,19,1,1,1,-63.623490197579436,-43.41242902357247,-276.2084079017126,-275.64681151518135,1,H
604,19,2,0,0,34.541976068664184,-74.01106053419102,-88.46643340460068,-41.409253663995635,0,S
605,19,2,0,1,10.728580364431325,-41.03281805135,-638.1603144417941,-515.8306333886986,0,S
606,19,2,1,0,14.571241015117721,-4.776070249985754,-4.506755800060052,-16.02283393959705,0,S
607,19,2,1,1,13.92495120811001,-11.13962520243222,-185.23845677728377,-265.76400648190827,0,S
608,19,3,0,0,18.383156271401003,-78.72955531270645,-85.47699605826753,-43.95824167677938,0,S
609,19,3,0,1,-1.2746003579384908,-44.22890958143544,-335.37994491312895,-701.6407895295285,0,S
610,19,3,1,0,17.855315412509903,-7.567273210186805,-14.445423031026307,-32.765185435113196,0,S
611,19,3,1,1,-13.89927833123451,-14.036763995982266,-98.90506866919412,-330.5217521312361,0,S
612,19,4,0,0,-23.73308662598945,-79.24027018416179,-137.97152226464976,-60.84960290599135,0,S
613,19,4,0,1,-0.5645778703398454,-57.86319275251205,-514.1930578835392,-405.69456024171484,0,S
614,19,4,1,0,17.131652908424357,-1.0602738717639322,-1.2935633271555815,-18.95431275426757,0,S
615,19,4,1,1,17.546337688815495,-4.357004922115857,-97.55644576829297,-94.84628095103788,0,S
616,19,5,0,0,-18.292818614949073,-80.50629994724567,-79.53494853628084,-59.13899592975625,0,S
617,19,5,0,1,33.17710524317083,-73.61000460066235,-515.8118653457534,-460.78181143830835,0,S
618,19,5,1,0,-5.843912501558996,-6.725445303952549,64.11496236180132,-10.913621076388084,2,D
619,19,5,1,1,-16.39449421741001,-11.149094306847374,-337.45512123609524,-100.0,1,H
620,19,6,0,0,5.3989110920862835,-81.1777915127208,-117.21705368072229,-39.58055702046721,0,S
621,19,6,0,1,31.19489937260825,-68.16187757710848,-459.4297998158182,-401.6949473382849,0,S
622,19,6,1,0,24.09605566961801,-3.738494591472427,-12.03482427431614,-23.906610252787868,0,S
623,19,6,1,1,-5.832552604968987,3.909828383121112,-96.59050853351796,-188.15579010868063,1,H
624,19,7,0,0,32.621437954108735,-53.06016012876554,-51.085247463683885,-64.49813956405642,0,S
625,19,7,0,1,75.61723047722336,-59.50841930223663,-628.5821465624842,-744.6772678308557,0,S
626,19,7,1,0,42.87277953159326,1.893313697702653,-7.5313222665382185,-17.601225279587354,0,S
627,19,7,1,1,37.27138351857066,-8.563104135689912,0.0,-96.54571464069464,0,S
628,19,8,0,0,22.378068739739952,-60.78660468376444,-84.79160612895538,-22.64098278331885,0,S
629,19,8,0,1,33.94810852911449,-58.0589646411027,-457.2840753548139,-584.7909350412483,0,S
630,19,8,1,0,-10.835739085615828,-33.56187608691125,-22.314846902187515,-35.36676013701805,0,S
631,19,8,1,1,18.997575702479747,-9.08492220733535,-97.18570473414947,-94.86582312858877,0,S
632,19,9,0,0,17.25595698849632,-73.90174636602708,-132.24512254920646,-69.77433663293202,0,S
633,19,9,0,1,0.6598440366251053,-80.98327123266074,-516.3691812129938,-681.6212339489196,0,S
634,19,9,1,0,-33.30103439494343,-34.51746058232605,-34.646446683153165,-34.39269635439017,0,S
635,19,9,1,1,-4.066413351733727,-26.59574621809053,-189.0861085184198,-190.2023928976327,0,S
636,19,10,0,0,-52.19757389788663,-100.54243672235319,-138.84756031472,-82.14531319029061,0,S
637,19,10,0,1,-24.918537180038292,-93.48018711122307,-1008.9142026901169,-979.6422319020851,0,S
638,19,10,1,0,-49.08110675400641,-32.8404502848246,-52.942062752644915,-57.260201267705895,1,H
639,19,10,1,1,-62.70627708202643,-49.701100249170196,-624.6520112188524,-346.92924019328984,1,H
640,20,1,0,0,-10.463151156371632,-120.5740302611366,-141.95484569782695,-74.08698336839456,0,S
641,20,1,0,1,-11.163867288577215,-78.10310672423314,-572.5365979850685,-576.6736050525045,0,S
642,20,1,1,0,-66.93414123994985,-42.73776077491605,-80.68607009728203,-48.757458043585345,1,H
643,20,1,1,1,-46.111009094222666,-41.07823056941089,-272.39076671499333,-272.6524227600483,1,H
644,20,2,0,0,47.92161879831132,-92.35310227941049,-192.77747255723955,-80.355576524759,0,S
645,20,2,0,1,21.27535336454376,-66.86131604222385,-629.0967413104433,-624.475085247786,0,S
646,20,2,1,0,53.11990097240048,-0.5005915172415798,20.966978146306907,-25.550681306446208,0,S
647,20,2,1,1,20.61132070864828,0.4801467449625738,-557.6907887191527,-99.31943006391418,0,S
648,20,3,0,0,47.94656003294409,-82.81506620605427,-171.21275611869834,-37.989254509446546,0,S
649,20,3,0,1,43.693419314555165,-16.876341523600725,-543.2881477185622,-455.8735223425176,0,S
650,20,3,1,0,2.4061306202508277,5.106714298327747,25.029218751261425,-5.986815979182152,2,D
651,20,3,1,1,36.05055896924886,-7.627246946836258,-187.5532331649839,-270.8059835464631,0,S
652,20,4,0,0,42.19826015007268,-88.03603189814393,-188.79953734373433,-68.10942242269556,0,S
653,20,4,0,1,29.594052575590798,-31.677655807598583,-392.0031036257345,-502.801783637573,0,S
654,20,4,1,0,30.333955793935907,-1.5241058305940507,13.977168312817781,-3.9649551071195726,0,S
655,20,4,1,1,53.51370021292702,-7.293385693101348,-100.0,-188.77439524040426,0,S
656,20,5,0,0,59.47368707268772,-99.96094352744835,-166.69211348321738,-69.58081370506738,0,S
657,20,5,0,1,37.33492341177103,-33.77988490342203,-503.14909037876305,-587.4516228584895,0,S
658,20,5,1,0,32.585185345877605,0.0,-3.7110746301976185,-17.970484276166232,0,S
659,20,5,1,1,71.75979297361673,-0.17260131916145793,-259.0382017523712,-187.37399688172042,0,S
660,20,6,0,0,10.354526249935402,-110.17280286735871,-190.57325824687882,-48.29343423171074,0,S
661,20,6,0,1,14.659772890207096,-19.325711228380072,-661.1578291658622,-325.72450983235416,0,S
662,20,6,1,0,18.116756134959754,11.952021658005464,94.2693411086278,-4.482356329747794,2,D
663,20,6,1,1,26.96827492225758,-0.742116004647198,-554.1927367045148,-270.7457599511223,0,S
664,20,7,0,0,38.86340995660355,-69.89098773164804,-174.13398209108297,-52.47739486903527,0,S
665,20,7,0,1,59.66864886137124,-44.4153342222922,-448.41828139811184,-775.2796148499757,0,S
666,20,7,1,0,3.6975811698840904,0.0,8.327521977946994,-9.648419742112921,2,D
667,20,7,1,1,38.3655752137386,0.0,-95.42216589061302,-182.69129179916106,0,S
668,20,8,0,0,27.53962972036988,-78.68758358025673,-144.96005249976074,-70.8683525008215,0,S
669,20,8,0,1,55.034398099214144,-58.739843328435654,-577.4181687788779,-579.2552750614998,0,S
670,20,8,1,0,72.73450164941276,-3.245106778281298,0.0,-14.536069144370808,0,S
671,20,8,1,1,58.11546554777109,-0.1486952009520781,-100.0,-336.0121537507029,0,S
672,20,9,0,0,26.308203582299015,-79.08814840587264,-132.06582834112885,-63.4900737052255,0,S
673,20,9,0,1,28.098612134957524,-51.52743506507258,-624.2421653932092,-625.2866207372267,0,S
674,20,9,1,0,29.948933274290987,-4.442677744490642,0.0,-13.35981839676376,0,S
675,20,9,1,1,17.81540041434072,-1.977573781533906,-180.15866877708845,-396.2467288215637,0,S
676,20,10,0,0,4.225741632119798,-133.66612817377361,-157.52223729444916,-92.1796527797311,0,S
677,20,10,0,1,31.069187897509433,-119.27644431206184,-958.2902021694196,-958.0026508718607,0,S
678,20,10,1,0,9.135559148018594,-23.10558557399941,-17.016632411036483,-66.17097834956986,0,S
679,20,10,1,1,-24.71540362986293,-24.671836593321604,-679.5963134023659,-743.7962961265636,1,H
680,21.0,1.0,0.0,0.0,,,,,,
681,21.0,1.0,0.0,1.0,,,,,,
682,21,1,1,0,-13.328327546348493,-17.96955494605455,-29.356873157563548,-72.47456326733227,0,S
683,21.0,1.0,1.0,1.0,,,,,,
684,21.0,2.0,0.0,0.0,,,,,,
685,21.0,2.0,0.0,1.0,,,,,,
686,21,2,1,0,40.78907913373909,-13.196829284553012,0.0955204850204936,-25.191104009787768,0,S
687,21.0,2.0,1.0,1.0,,,,,,
688,21.0,3.0,0.0,0.0,,,,,,
689,21.0,3.0,0.0,1.0,,,,,,
690,21,3,1,0,40.749440970868335,-16.0298661943539,4.219392034162688,-52.77872562502856,0,S
691,21.0,3.0,1.0,1.0,,,,,,
692,21.0,4.0,0.0,0.0,,,,,,
693,21.0,4.0,0.0,1.0,,,,,,
694,21,4,1,0,69.90987946966303,-6.582460953390605,13.392016025151559,-47.91889795690663,0,S
695,21.0,4.0,1.0,1.0,,,,,,
696,21.0,5.0,0.0,0.0,,,,,,
697,21.0,5.0,0.0,1.0,,,,,,
698,21,5,1,0,69.78114259513818,-1.0040504146070854,33.64869985618677,-56.85269862143614,0,S
699,21.0,5.0,1.0,1.0,,,,,,
700,21.0,6.0,0.0,0.0,,,,,,
701,21.0,6.0,0.0,1.0,,,,,,
702,21,6,1,0,48.73291200046153,-1.358354622607897,-15.023994402565569,-32.676195468595594,0,S
703,21.0,6.0,1.0,1.0,,,,,,
704,21.0,7.0,0.0,0.0,,,,,,
705,21.0,7.0,0.0,1.0,,,,,,
706,21,7,1,0,40.21857257482846,12.5676645808811,-16.68194395885507,-62.16320245501271,0,S
707,21.0,7.0,1.0,1.0,,,,,,
708,21.0,8.0,0.0,0.0,,,,,,
709,21.0,8.0,0.0,1.0,,,,,,
710,21,8,1,0,53.18590488628801,16.679067971127886,16.76618196995984,-48.605009185741864,0,S
711,21.0,8.0,1.0,1.0,,,,,,
712,21.0,9.0,0.0,0.0,,,,,,
713,21.0,9.0,0.0,1.0,,,,,,
714,21,9,1,0,47.70242871821315,4.658757470603938,-4.737608484773894,-49.88704330244701,0,S
715,21.0,9.0,1.0,1.0,,,,,,
716,21.0,10.0,0.0,0.0,,,,,,
717,21.0,10.0,0.0,1.0,,,,,,
718,21,10,1,0,59.279117969330144,-18.10901787641437,30.11005957785747,-63.11414761139669,0,S
719,21.0,10.0,1.0,1.0,,,,,,
